SET FOREIGN_KEY_CHECKS=0;
SET SQL_MODE = "NO_AUTO_VALUE_ON_ZERO";
SET AUTOCOMMIT = 0;
START TRANSACTION;
SET time_zone = "+00:00";

INSERT INTO `Conference` (`id`, `name`) VALUES
(251, 'Eastern Conference'),
(252, 'Western Conference');

INSERT INTO `Division` (`id`, `name`, `conference`) VALUES
(178, 'Atlantic', 251),
(179, 'Central', 251),
(180, 'Southeast', 251),
(181, 'Northwest', 252),
(182, 'Pacific', 252),
(183, 'Southwest', 252),
(184, 'Atlantic', 251),
(185, 'Central', 251),
(186, 'Southeast', 251),
(187, 'Northwest', 252),
(188, 'Pacific', 252),
(189, 'Southwest', 252),
(190, 'Atlantic', 251),
(191, 'Central', 251),
(192, 'Southeast', 251),
(193, 'Northwest', 252),
(194, 'Pacific', 252),
(195, 'Southwest', 252),
(196, 'Atlantic', 251),
(197, 'Central', 251),
(198, 'Southeast', 251),
(199, 'Northwest', 252),
(200, 'Pacific', 252),
(201, 'Southwest', 252),
(202, 'Atlantic', 251),
(203, 'Central', 251),
(204, 'Southeast', 251),
(205, 'Northwest', 252),
(206, 'Pacific', 252),
(207, 'Southwest', 252),
(208, 'Atlantic', 251),
(209, 'Central', 251),
(210, 'Southeast', 251),
(211, 'Northwest', 252),
(212, 'Pacific', 252),
(213, 'Southwest', 252);

INSERT INTO `Standings` (`id`, `team`, `year`, `win`, `loss`, `pct`, `gb`, `conf_win`, `conf_loss`, `div_win`, `div_loss`, `home_win`, `home_loss`, `road_win`, `road_loss`, `l10_win`, `l10_loss`, `streak`) VALUES
(871, 1055, 2012, 54, 28, 0.659, 0, 37, 15, 10, 6, 31, 10, 23, 18, 8, 2, 1),
(872, 1058, 2012, 49, 33, 0.598, 5, 36, 16, 11, 5, 26, 15, 23, 18, 7, 3, 2),
(873, 1061, 2012, 41, 40, 0.506, 12.5, 27, 24, 7, 9, 27, 13, 14, 27, 4, 6, -1),
(874, 1064, 2012, 34, 48, 0.415, 20, 22, 30, 7, 9, 23, 18, 11, 30, 5, 5, 1),
(875, 1067, 2012, 34, 48, 0.415, 20, 22, 30, 5, 11, 21, 20, 13, 28, 7, 3, 5),
(876, 1070, 2012, 49, 32, 0.605, 0, 31, 20, 13, 3, 30, 11, 19, 21, 5, 5, -3),
(877, 1073, 2012, 45, 37, 0.549, 4.5, 34, 18, 9, 7, 24, 17, 21, 20, 5, 5, 2),
(878, 1076, 2012, 38, 44, 0.463, 11.5, 24, 28, 7, 9, 21, 20, 17, 24, 3, 7, 1),
(879, 1079, 2012, 29, 53, 0.354, 20.5, 25, 27, 8, 8, 18, 23, 11, 30, 5, 5, -1),
(880, 1082, 2012, 24, 58, 0.293, 25.5, 18, 34, 3, 13, 14, 27, 10, 31, 2, 8, -6),
(881, 1085, 2012, 66, 16, 0.805, 0, 41, 11, 15, 1, 37, 4, 29, 12, 9, 1, 8),
(882, 1088, 2012, 44, 38, 0.537, 22, 29, 23, 11, 5, 25, 16, 19, 22, 4, 6, -2),
(883, 1091, 2012, 29, 53, 0.354, 37, 15, 37, 5, 11, 22, 19, 7, 34, 3, 7, -6),
(884, 1094, 2012, 21, 61, 0.256, 45, 18, 34, 6, 10, 15, 26, 6, 35, 4, 6, 3),
(885, 1097, 2012, 20, 62, 0.244, 46, 10, 42, 3, 13, 12, 29, 8, 33, 2, 8, -3),
(886, 1100, 2012, 60, 22, 0.732, 0, 39, 13, 10, 6, 34, 7, 26, 15, 7, 3, -1),
(887, 1103, 2012, 57, 25, 0.695, 3, 38, 14, 11, 5, 38, 3, 19, 22, 8, 2, 3),
(888, 1106, 2012, 43, 39, 0.524, 17, 26, 26, 9, 7, 30, 11, 13, 28, 7, 3, -1),
(889, 1109, 2012, 33, 49, 0.402, 27, 18, 34, 6, 10, 22, 19, 11, 30, 0, 10, -13),
(890, 1112, 2012, 31, 51, 0.378, 29, 17, 35, 4, 12, 20, 21, 11, 30, 5, 5, 1),
(891, 1115, 2012, 56, 26, 0.683, 0, 35, 17, 11, 5, 32, 9, 24, 17, 7, 3, 7),
(892, 1118, 2012, 47, 35, 0.573, 9, 28, 24, 9, 7, 28, 13, 19, 22, 6, 4, 2),
(893, 1121, 2012, 45, 37, 0.549, 11, 28, 24, 8, 8, 29, 12, 16, 25, 8, 2, 5),
(894, 1124, 2012, 28, 54, 0.341, 28, 14, 38, 7, 9, 20, 21, 8, 33, 2, 8, -4),
(895, 1127, 2012, 25, 57, 0.305, 31, 17, 35, 5, 11, 17, 24, 8, 33, 2, 8, -1),
(896, 1130, 2012, 58, 24, 0.707, 0, 33, 19, 12, 4, 35, 6, 23, 18, 3, 7, -3),
(897, 1133, 2012, 56, 26, 0.683, 2, 34, 18, 10, 6, 32, 9, 24, 17, 8, 2, 2),
(898, 1136, 2012, 45, 37, 0.549, 13, 24, 28, 6, 10, 29, 12, 16, 25, 6, 4, -2),
(899, 1139, 2012, 41, 41, 0.5, 17, 24, 28, 7, 9, 24, 17, 17, 24, 6, 4, 1),
(900, 1142, 2012, 27, 55, 0.329, 31, 15, 37, 5, 11, 16, 25, 11, 30, 2, 8, -5),
(901, 1067, 2013, 48, 34, 0.585, 0, 32, 20, 11, 5, 26, 15, 22, 19, 7, 3, -1),
(902, 1058, 2013, 44, 38, 0.537, 4, 26, 26, 9, 7, 28, 13, 16, 25, 5, 5, -2),
(903, 1055, 2013, 37, 45, 0.451, 11, 26, 26, 10, 6, 19, 22, 18, 23, 7, 3, 4),
(904, 1061, 2013, 25, 57, 0.305, 23, 21, 31, 5, 11, 16, 25, 9, 32, 2, 8, -2),
(905, 1064, 2013, 19, 63, 0.232, 29, 14, 38, 5, 11, 10, 31, 9, 32, 4, 6, 2),
(906, 1070, 2013, 56, 26, 0.683, 0, 38, 14, 12, 4, 35, 6, 21, 20, 4, 6, 2),
(907, 1073, 2013, 48, 34, 0.585, 8, 35, 17, 11, 5, 27, 14, 21, 20, 8, 2, -1),
(908, 1082, 2013, 33, 49, 0.402, 23, 21, 31, 7, 9, 19, 22, 14, 27, 5, 5, 1),
(909, 1079, 2013, 29, 53, 0.354, 27, 23, 29, 6, 10, 17, 24, 12, 29, 3, 7, -4),
(910, 1076, 2013, 15, 67, 0.183, 41, 12, 40, 4, 12, 10, 31, 5, 36, 1, 9, -3),
(911, 1085, 2013, 54, 28, 0.659, 0, 34, 18, 12, 4, 32, 9, 22, 19, 4, 6, -3),
(912, 1091, 2013, 44, 38, 0.537, 10, 33, 19, 10, 6, 22, 19, 22, 19, 7, 3, 4),
(913, 1094, 2013, 43, 39, 0.524, 11, 30, 22, 6, 10, 25, 16, 18, 23, 8, 2, 3),
(914, 1088, 2013, 38, 44, 0.463, 16, 28, 24, 8, 8, 24, 17, 14, 27, 7, 3, 1),
(915, 1097, 2013, 23, 59, 0.28, 31, 17, 35, 4, 12, 19, 22, 4, 37, 3, 7, -4),
(916, 1100, 2013, 59, 23, 0.72, 0, 36, 16, 11, 5, 34, 7, 25, 16, 6, 4, 1),
(917, 1109, 2013, 54, 28, 0.659, 5, 31, 21, 13, 3, 31, 10, 23, 18, 9, 1, 5),
(918, 1112, 2013, 40, 42, 0.488, 19, 23, 29, 7, 9, 24, 17, 16, 25, 4, 6, -3),
(919, 1103, 2013, 36, 46, 0.439, 23, 20, 32, 5, 11, 22, 19, 14, 27, 4, 6, -2),
(920, 1106, 2013, 25, 57, 0.305, 34, 13, 39, 4, 12, 16, 25, 9, 32, 2, 8, 1),
(921, 1115, 2013, 57, 25, 0.695, 0, 36, 16, 12, 4, 34, 7, 23, 18, 7, 3, -1),
(922, 1118, 2013, 51, 31, 0.622, 6, 31, 21, 11, 5, 27, 14, 24, 17, 6, 4, 2),
(923, 1127, 2013, 48, 34, 0.585, 9, 28, 24, 8, 8, 26, 15, 22, 19, 5, 5, 1),
(924, 1124, 2013, 28, 54, 0.341, 29, 15, 37, 3, 13, 17, 24, 11, 30, 3, 7, -1),
(925, 1121, 2013, 27, 55, 0.329, 30, 15, 37, 6, 10, 14, 27, 13, 28, 3, 7, 2),
(926, 1130, 2013, 62, 20, 0.756, 0, 38, 14, 12, 4, 32, 9, 30, 11, 6, 4, -2),
(927, 1136, 2013, 54, 28, 0.659, 8, 31, 21, 11, 5, 33, 8, 21, 20, 5, 5, -1),
(928, 1133, 2013, 50, 32, 0.61, 12, 29, 23, 4, 12, 27, 14, 23, 18, 7, 3, 5),
(929, 1139, 2013, 49, 33, 0.598, 13, 29, 23, 9, 7, 26, 15, 23, 18, 6, 4, -1),
(930, 1142, 2013, 34, 48, 0.415, 28, 15, 37, 4, 12, 22, 19, 12, 29, 2, 8, 2),
(931, 1067, 2014, 49, 33, 0.598, 0, 33, 19, 11, 5, 27, 14, 22, 19, 7, 3, 1),
(932, 1061, 2014, 40, 42, 0.488, 9, 28, 24, 12, 4, 21, 20, 19, 22, 8, 2, 6),
(933, 1058, 2014, 38, 44, 0.463, 11, 24, 28, 10, 6, 19, 22, 19, 22, 6, 4, 1),
(934, 1064, 2014, 18, 64, 0.22, 31, 12, 40, 2, 14, 12, 29, 6, 35, 0, 10, -10),
(935, 1055, 2014, 17, 65, 0.207, 32, 11, 41, 5, 11, 10, 31, 7, 34, 3, 7, -1),
(936, 1082, 2014, 53, 29, 0.646, 0, 35, 17, 11, 5, 31, 10, 22, 19, 7, 3, 2),
(937, 1073, 2014, 50, 32, 0.61, 3, 33, 19, 8, 8, 27, 14, 23, 18, 7, 3, 4),
(938, 1076, 2014, 41, 41, 0.5, 12, 30, 22, 7, 9, 23, 18, 18, 23, 5, 5, -1),
(939, 1070, 2014, 38, 44, 0.463, 15, 28, 24, 8, 8, 23, 18, 15, 26, 7, 3, -1),
(940, 1079, 2014, 32, 50, 0.39, 21, 23, 29, 6, 10, 18, 23, 14, 27, 4, 6, 1),
(941, 1088, 2014, 60, 22, 0.732, 0, 38, 14, 12, 4, 35, 6, 25, 16, 5, 5, -3),
(942, 1091, 2014, 46, 36, 0.561, 14, 30, 22, 10, 6, 29, 12, 17, 24, 6, 4, -2),
(943, 1085, 2014, 37, 45, 0.451, 23, 25, 27, 6, 10, 20, 21, 17, 24, 4, 6, 2),
(944, 1094, 2014, 33, 49, 0.402, 27, 25, 27, 8, 8, 19, 22, 14, 27, 2, 8, -6),
(945, 1097, 2014, 25, 57, 0.305, 35, 15, 37, 4, 12, 13, 28, 12, 29, 3, 7, -4),
(946, 1109, 2014, 51, 31, 0.622, 0, 31, 21, 11, 5, 32, 9, 19, 22, 4, 6, -4),
(947, 1100, 2014, 45, 37, 0.549, 6, 25, 27, 10, 6, 29, 12, 16, 25, 4, 6, 2),
(948, 1106, 2014, 38, 44, 0.463, 13, 23, 29, 9, 7, 21, 20, 17, 24, 7, 3, -1),
(949, 1103, 2014, 30, 52, 0.366, 21, 19, 33, 6, 10, 19, 22, 11, 30, 3, 7, -2),
(950, 1112, 2014, 16, 66, 0.195, 35, 7, 45, 4, 12, 9, 32, 7, 34, 0, 10, -12),
(951, 1118, 2014, 67, 15, 0.817, 0, 42, 10, 13, 3, 39, 2, 28, 13, 8, 2, 4),
(952, 1115, 2014, 56, 26, 0.683, 11, 37, 15, 12, 4, 30, 11, 26, 15, 9, 1, 7),
(953, 1127, 2014, 39, 43, 0.476, 28, 21, 31, 6, 10, 22, 19, 17, 24, 1, 9, -5),
(954, 1124, 2014, 29, 53, 0.354, 38, 18, 34, 7, 9, 18, 23, 11, 30, 3, 7, 2),
(955, 1121, 2014, 21, 61, 0.256, 46, 9, 43, 2, 14, 12, 29, 9, 32, 2, 8, -3),
(956, 1136, 2014, 56, 26, 0.683, 0, 33, 19, 8, 8, 30, 11, 26, 15, 7, 3, 3),
(957, 1133, 2014, 55, 27, 0.671, 1, 35, 17, 9, 7, 31, 10, 24, 17, 5, 5, 1),
(958, 1130, 2014, 55, 27, 0.671, 1, 32, 20, 8, 8, 33, 8, 22, 19, 9, 1, -1),
(959, 1139, 2014, 50, 32, 0.61, 6, 29, 23, 7, 9, 27, 14, 23, 18, 5, 5, 1),
(960, 1142, 2014, 45, 37, 0.549, 11, 29, 23, 8, 8, 28, 13, 17, 24, 7, 3, 2);

INSERT INTO `Team` (`id`, `name`, `division`) VALUES
(1055, 'New York', 178),
(1058, 'Brooklyn', 178),
(1061, 'Boston', 178),
(1064, 'Philadelphia', 178),
(1067, 'Toronto', 178),
(1070, 'Indiana', 179),
(1073, 'Chicago', 179),
(1076, 'Milwaukee', 179),
(1079, 'Detroit', 179),
(1082, 'Cleveland', 179),
(1085, 'Miami', 180),
(1088, 'Atlanta', 180),
(1091, 'Washington', 180),
(1094, 'Charlotte', 180),
(1097, 'Orlando', 180),
(1100, 'Oklahoma City', 181),
(1103, 'Denver', 181),
(1106, 'Utah', 181),
(1109, 'Portland', 181),
(1112, 'Minnesota', 181),
(1115, 'L.A. Clippers', 182),
(1118, 'Golden State', 182),
(1121, 'L.A. Lakers', 182),
(1124, 'Sacramento', 182),
(1127, 'Phoenix', 182),
(1130, 'San Antonio', 183),
(1133, 'Memphis', 183),
(1136, 'Houston', 183),
(1139, 'Dallas', 183),
(1142, 'New Orleans', 183);
SET FOREIGN_KEY_CHECKS=1;
COMMIT;

